,Efficacy score,Efficacy magnitude,Generalisation score,Generalisation magnitude,Specificity score,Specificity magnitude,Consistency score,Consistency magnitude
0,1.0,0.0002909578906837851,1.0,0.00018722921959124506,1.0,0.0009665470570325851,1.0,0.0009665470570325851
1,1.0,5.360236536944285e-05,1.0,0.000505242554936558,1.0,0.10011547803878784,1.0,0.10011547803878784
2,1.0,0.002230757148936391,1.0,0.005887971259653568,1.0,0.008837963454425335,1.0,0.008837963454425335
3,1.0,0.0011540737468749285,1.0,0.2732219398021698,1.0,0.06318292766809464,1.0,0.06318292766809464
4,0.6000000238418579,0.00024366383149754256,1.0,0.00046830452629365027,1.0,0.20011089742183685,1.0,0.20011089742183685
