,Efficacy score,Efficacy magnitude,Generalisation score,Generalisation magnitude,Specificity score,Specificity magnitude,Consistency score,Consistency magnitude
0,1.0,0.0008547176839783788,1.0,0.1347358375787735,1.0,0.00024152018886525184,1.0,0.00024152018886525184
1,1.0,0.6332030296325684,1.0,0.9994340538978577,1.0,0.9968107342720032,1.0,0.9968107342720032
2,1.0,0.3955594003200531,1.0,0.5015314221382141,1.0,0.08589385449886322,1.0,0.08589385449886322
3,1.0,0.018684146925807,1.0,0.5177644491195679,1.0,0.11301761865615845,1.0,0.11301761865615845
4,1.0,0.5839983820915222,1.0,0.5015516877174377,1.0,0.20262907445430756,1.0,0.20262907445430756
