,Efficacy score,Efficacy magnitude,Generalisation score,Generalisation magnitude,Specificity score,Specificity magnitude,Consistency score,Consistency magnitude
0,1.0,0.030793452635407448,1.0,0.02064000815153122,1.0,0.009962263517081738,1.0,0.009962263517081738
1,0.6000000238418579,0.001412047422491014,0.5,0.0008656386053189635,0.6000000238418579,0.006302202586084604,0.6000000238418579,0.006302202586084604
2,1.0,0.0006055298144929111,1.0,0.0012546016369014978,1.0,0.0003291906032245606,1.0,0.0003291906032245606
3,1.0,0.001375652151182294,1.0,0.0368371456861496,1.0,0.0010694942902773619,1.0,0.0010694942902773619
4,0.30000001192092896,5.2913150284439325e-05,0.5,0.00010842153278645128,1.0,0.02113574743270874,1.0,0.02113574743270874
