,Efficacy score,Efficacy magnitude,Generalisation score,Generalisation magnitude,Specificity score,Specificity magnitude,Consistency score,Consistency magnitude
0,1.0,0.0003748783783521503,1.0,0.00016367543139494956,1.0,0.001104624243453145,1.0,0.001104624243453145
1,1.0,1.548341788293328e-05,1.0,8.737850293982774e-05,1.0,0.100039042532444,1.0,0.100039042532444
2,1.0,0.0015967779327183962,1.0,0.0022870192769914865,1.0,0.0019401239696890116,1.0,0.0019401239696890116
3,1.0,0.0009090684470720589,1.0,0.40701809525489807,1.0,0.04872235283255577,1.0,0.04872235283255577
4,0.6000000238418579,0.00033049177727662027,1.0,0.0005926305893808603,1.0,0.19960539042949677,1.0,0.19960539042949677
