,Efficacy score,Efficacy magnitude,Generalisation score,Generalisation magnitude,Specificity score,Specificity magnitude,Consistency score,Consistency magnitude
0,1.0,0.06282291561365128,1.0,0.02698848396539688,1.0,0.06428273767232895,1.0,0.06428273767232895
1,1.0,0.02848808839917183,1.0,0.02088863030076027,1.0,0.022938676178455353,1.0,0.022938676178455353
2,1.0,0.0013958833878859878,1.0,0.004434406757354736,1.0,0.0009904872858896852,1.0,0.0009904872858896852
3,1.0,0.005591669585555792,1.0,0.05105048418045044,1.0,0.004229046404361725,1.0,0.004229046404361725
4,0.6000000238418579,0.00046588387340307236,1.0,0.0036279945634305477,1.0,0.0034588463604450226,1.0,0.0034588463604450226
